Text,Label
"""The new policy is a disaster, designed to benefit only the elite while harming the common citizen.""",Propaganda
"""According to recent statistics released by the government, unemployment rates have fallen in the last quarter.""",Non-Propaganda
"""Our leaders are corrupt and only serve their interests. We must stand against the tyranny they represent.""",Propaganda
"""A study published in the Journal of Economics highlights the potential benefits of renewable energy investments.""",Non-Propaganda
"""The opposition is trying to destroy the fabric of our society with their radical agenda.""",Propaganda
"""City council approves new budget focusing on infrastructure and public health.""",Non-Propaganda
"""Join our movement to save the nation from the lies and deceit spread by the mainstream media.""",Propaganda
"""The international conference next month will address climate change and sustainable development goals.""",Non-Propaganda
"""The revolutionary product will change your life forever, unlike anything else you've ever seen!""",Propaganda
"""Annual report shows a 2% increase in the company's revenue compared to the previous year.""",Non-Propaganda
"""Politicians from the opposition party are deliberately sabotaging the nation’s progress.""",Propaganda
"""The museum's new exhibit showcases artifacts from ancient civilizations.""",Non-Propaganda
"""Don't be fooled by the mainstream media, they are puppets of the corrupt elite!""",Propaganda
"""Recent archaeological findings offer new insights into the lifestyle of early settlers in the region.""",Non-Propaganda
"""Wake up and see the truth! The government is lying to you every day!""",Propaganda
"""Our country needs a leader who will save us from the chaos created by the current administration.""",Propaganda
"""Local farmers’ market to introduce organic produce section next month.""",Non-Propaganda
"""The proposed healthcare reforms prioritize affordable access for all citizens.""",Non-Propaganda
"""Corporate interests are driving policy decisions, neglecting the needs of the working class.""",Propaganda
"""A recent survey indicates an increase in public satisfaction with government services.""",Non-Propaganda
"""Join us in advocating for equal rights and justice for marginalized communities.""",Non-Propaganda
"""The media misrepresents facts to manipulate public opinion in favor of the ruling party.""",Propaganda
"""A scientific breakthrough offers promising solutions to environmental challenges.""",Non-Propaganda
"""Our educational system fails to prepare students for the demands of the modern world.""",Propaganda
"""Community-led initiatives lead to a significant decrease in crime rates.""",Non-Propaganda
"""Political polarization threatens the unity of our nation.""",Propaganda
"""New technology advancements pave the way for economic growth and innovation.""",Non-Propaganda
"""The government's economic policies favor corporations over small businesses.""",Propaganda
"""Volunteers rally together to provide aid to disaster-stricken regions.""",Non-Propaganda
"""Expose the veil of deception drawn by the powerful; truth is their greatest fear.""",Propaganda
"""Stand against the propaganda machine; your mind is the ultimate battleground.""",Propaganda
"""The ruling class thrives on deception; peel back the layers to uncover their deceit.""",Propaganda
"""Proposed tax reforms aim to redistribute wealth and support low-income families.""",Non-Propaganda
"""Propaganda perpetuates fear to control public opinion and suppress dissent.""",Propaganda
"""Scientific consensus confirms the urgency of addressing climate change.""",Non-Propaganda
"""Community forums foster dialogue and understanding among diverse groups.""",Non-Propaganda
"""Political infighting hampers progress on crucial social welfare reforms.""",Propaganda
"""The youth-led movement advocates for sustainable environmental policies.""",Non-Propaganda
"""Government transparency initiatives aim to combat corruption and improve accountability.""",Non-Propaganda
"""Propaganda distorts facts to instigate fear and division among citizens.""",Propaganda
"""A surge in charitable donations positively impacts local communities.""",Non-Propaganda
"""Political smear campaigns undermine trust in democratic institutions.""",Propaganda
"""Renewable energy investments drive job creation and economic growth.""",Non-Propaganda
"""Social media platforms amplify misinformation, influencing public perceptions.""",Propaganda
"""Public-private partnerships lead to advancements in healthcare accessibility.""",Non-Propaganda
"""Propaganda aims to manipulate emotions rather than present objective truths.""",Propaganda
"""Education reforms focus on holistic learning and skill development.""",Non-Propaganda
"""Rising global tensions call for diplomatic efforts to promote peace.""",Non-Propaganda
"""Propaganda undermines trust in institutions, weakening societal cohesion.""",Propaganda
"""Entrepreneurship programs empower individuals to drive economic change.""",Non-Propaganda
"""Our leaders are wolves in sheep's clothing, preying on the innocence of honest citizens.""",Propaganda
"""The web of lies spun by those in power is aimed at keeping us divided and easily controlled.""",Propaganda
"""Believe not in the words of those in authority, for they serve only their self-interests.""",Propaganda
"""The orchestrated chaos we witness is part of a grand scheme to manipulate public opinion.""",Propaganda
"""Unveil the truth hidden behind the facade of progress propagated by the ruling class.""",Propaganda
"""Those in power fear a united front; they sow seeds of discord to maintain their dominance.""",Propaganda
"""The establishment's narrative is a tapestry of falsehoods, carefully woven to deceive us all.""",Propaganda
"""Refuse to be a puppet; the strings pulled by those in power are meant to control your mind.""",Propaganda
"""The government's policy is deliberately misleading and aimed at manipulating public opinion.""",Propaganda
"""Recent studies show a significant increase in economic growth over the past quarter.""",Non-Propaganda
"""Political leaders are using fear tactics to sway voters in the upcoming elections.""",Propaganda
"""Experts confirm the new healthcare plan will benefit millions of citizens.""",Non-Propaganda
"""Media bias is rampant, with news channels selectively covering only one side of the story.""",Propaganda
"""Unprecedented measures are being taken by the authorities to control the narrative and suppress dissenting voices.""",Propaganda
"""Inflation rates have seen a steady decline over the last six months, according to official reports.""Non-Propaganda",
"""The recent rally was a display of power, aiming to intimidate those who oppose the current regime.""",Propaganda
"""A breakthrough in renewable energy technology promises to significantly reduce carbon emissions.""",Non-Propaganda
"""Media outlets are spreading false information to undermine the success of the new environmental policies.""",Propaganda
"""Unprecedented measures are being taken by the authorities to control the narrative and suppress dissenting voices.""",Propaganda
"""Inflation rates have seen a steady decline over the last six months, according to official reports.""",Non-Propaganda
"The recent rally was a display of power, aiming to intimidate those who oppose the current regime.""",Propaganda
"""The recent rally was a display of power, aiming to intimidate those who oppose the current regime.""",Propaganda
"""A breakthrough in renewable energy technology promises to significantly reduce carbon emissions.""",Non-Propaganda
"""Media outlets are spreading false information to undermine the success of the new environmental policies.""",Propaganda
"""Historical data suggest a consistent pattern of economic growth during this administration's tenure.""",Non-Propaganda
"""The opposition is deliberately spreading rumors to create panic and chaos among the population.""",Propaganda
"""Scientific research confirms the safety and efficacy of the newly developed vaccine.""",Non-Propaganda
"""Foreign entities are influencing domestic policies through covert operations and misinformation campaigns.""",Propaganda
"""The latest employment statistics show a significant reduction in unemployment rates across various sectors.""",Non-Propaganda